"id","display_name","organization_name"
"1","Default Organization","Default Organization"
"2","Angelika Wattson","ABC education services"
"3","Mr. Ray González II","TATA consultancy"
"4","Brent Yadav II","CTS"
"5","Billy Samuels II","MEMO services"
"6","Dr. Russell Samuels","TCS services"
"7","Lashawnda Jameson","Master services"
"8","Iris Robertson","Global Education Services"
"9","Alexia Grant-Prentice","Testing services"
"10","Dr. Jackson Roberts Sr.","Zetapp services"
"11","Clint Reynolds","Apple solutions"
"12","Junko Prentice-Samuels","Fast Test services"
"13","Brent Wagner Jr.","slow test services"
"14","Ms. Herminia Olsen","NJ testing services"
"15","Ms. Magan Cruz","NY testing services"
"16","Erik Díaz Sr.","Billy testing services"
"17","Dr. Kathleen Wagner","Idaho Software Systems"
"18","Toby Wilson","Null testing services"
"19","Daren Dimitrov","Local Testing services"
"20","Mr. Clint Ivanov","First solution provider"
"21","Dr. Sanford Wattson II","Quick solution provider"
"22","Dr. Brigette Díaz","New service provider"
"23","Terrell family","Calitech solutions"
"24","Maria Jones II","Fun family tech soluions"
"25","Grant-Prentice family","Final test providers"
